epoch,time,train/box_loss,train/cls_loss,train/dfl_loss,metrics/precision(B),metrics/recall(B),metrics/mAP50(B),metrics/mAP50-95(B),val/box_loss,val/cls_loss,val/dfl_loss,lr/pg0,lr/pg1,lr/pg2,lr/pg3,lr/pg4,lr/pg5,lr/pg6,lr/pg7
1,29.0982,0,39.7383,0,0,0,0,0,0,23.567,0,0,0,0,0,0,0,0,0
2,59.9366,0,39.675,0,0,0,0,0,0,23.5734,0,4.20212e-05,1.40071e-05,4.20212e-05,1.40071e-05,4.20212e-05,1.40071e-05,4.20212e-05,1.40071e-05
3,85.6802,0,39.7941,0,0,0,0,0,0,23.5787,0,8.23447e-05,2.74482e-05,8.23447e-05,2.74482e-05,8.23447e-05,2.74482e-05,8.23447e-05,2.74482e-05
4,110.744,0,39.664,0,0,0,0,0,0,23.582,0,0.000120971,4.03235e-05,0.000120971,4.03235e-05,0.000120971,4.03235e-05,0.000120971,4.03235e-05
5,134.751,0,39.7214,0,0,0,0,0,0,23.5836,0,0.000157899,5.26329e-05,0.000157899,5.26329e-05,0.000157899,5.26329e-05,0.000157899,5.26329e-05
6,159.343,0,39.5975,0,0,0,0,0,0,23.5845,0,0.000193129,6.43764e-05,0.000193129,6.43764e-05,0.000193129,6.43764e-05,0.000193129,6.43764e-05
7,183.032,0,39.6122,0,0,0,0,0,0,23.5826,0,0.000226662,7.55541e-05,0.000226662,7.55541e-05,0.000226662,7.55541e-05,0.000226662,7.55541e-05
8,203.849,0,39.5427,0,0,0,0,0,0,23.5778,0,0.000258498,8.61658e-05,0.000258498,8.61658e-05,0.000258498,8.61658e-05,0.000258498,8.61658e-05
9,226.983,0,39.4792,0,0,0,0,0,0,23.5706,0,0.000288635,9.62117e-05,0.000288635,9.62117e-05,0.000288635,9.62117e-05,0.000288635,9.62117e-05
10,247.849,0,39.5404,0,0,0,0,0,0,23.5624,0,0.000317075,0.000105692,0.000317075,0.000105692,0.000317075,0.000105692,0.000317075,0.000105692
11,269.482,0,39.3524,0,0,0,0,0,0,23.5515,0,0.000343817,0.000114606,0.000343817,0.000114606,0.000343817,0.000114606,0.000343817,0.000114606
12,290.782,0,39.2828,0,0,0,0,0,0,23.5386,0,0.000368862,0.000122954,0.000368862,0.000122954,0.000368862,0.000122954,0.000368862,0.000122954
13,313.81,0,39.1589,0,0,0,0,0,0,23.5231,0,0.000392209,0.000130736,0.000392209,0.000130736,0.000392209,0.000130736,0.000392209,0.000130736
14,336.791,0,39.0812,0,0,0,0,0,0,23.5065,0,0.000413858,0.000137953,0.000413858,0.000137953,0.000413858,0.000137953,0.000413858,0.000137953
15,358.62,0,38.8767,0,0,0,0,0,0,23.4869,0,0.00043381,0.000144603,0.00043381,0.000144603,0.00043381,0.000144603,0.00043381,0.000144603
16,380.993,0,38.7669,0,0,0,0,0,0,23.4659,0,0.000452064,0.000150688,0.000452064,0.000150688,0.000452064,0.000150688,0.000452064,0.000150688
17,403.839,0,38.6409,0,0,0,0,0,0,23.4441,0,0.000468621,0.000156207,0.000468621,0.000156207,0.000468621,0.000156207,0.000468621,0.000156207
18,409.532,0,38.5506,0,0,0,0,0,0,23.4441,0,0.000483479,0.00016116,0.000483479,0.00016116,0.000483479,0.00016116,0.000483479,0.00016116
19,432.625,0,38.5167,0,0,0,0,0,0,23.4274,0,0.00049664,0.000165547,0.00049664,0.000165547,0.00049664,0.000165547,0.00049664,0.000165547
20,438.365,0,38.3592,0,0,0,0,0,0,23.4274,0,0.000508104,0.000169368,0.000508104,0.000169368,0.000508104,0.000169368,0.000508104,0.000169368
21,461.393,0,38.3941,0,0,0,0,0,0,23.4099,0,0.00051787,0.000172623,0.00051787,0.000172623,0.00051787,0.000172623,0.00051787,0.000172623
22,467.68,0,38.282,0,0,0,0,0,0,23.4099,0,0.000525938,0.000175313,0.000525938,0.000175313,0.000525938,0.000175313,0.000525938,0.000175313
23,490.314,0,38.2263,0,0,0,0,0,0,23.3893,0,0.000532308,0.000177436,0.000532308,0.000177436,0.000532308,0.000177436,0.000532308,0.000177436
24,496.551,0,38.0696,0,0,0,0,0,0,23.3893,0,0.000536981,0.000178994,0.000536981,0.000178994,0.000536981,0.000178994,0.000536981,0.000178994
25,519.605,0,38.0322,0,0,0,0,0,0,23.366,0,0.000539956,0.000179985,0.000539956,0.000179985,0.000539956,0.000179985,0.000539956,0.000179985
26,525.076,0,37.872,0,0,0,0,0,0,23.366,0,0.000541234,0.000180411,0.000541234,0.000180411,0.000541234,0.000180411,0.000541234,0.000180411
27,546.291,0,37.9085,0,0,0,0,0,0,23.3424,0,0.000540814,0.000180271,0.000540814,0.000180271,0.000540814,0.000180271,0.000540814,0.000180271
28,551.402,0,37.724,0,0,0,0,0,0,23.3424,0,0.000538696,0.000179565,0.000538696,0.000179565,0.000538696,0.000179565,0.000538696,0.000179565
29,571.99,0,37.7083,0,0,0,0,0,0,23.3185,0,0.00053488,0.000178293,0.00053488,0.000178293,0.00053488,0.000178293,0.00053488,0.000178293
30,577.197,0,37.5585,0,0,0,0,0,0,23.3185,0,0.000529367,0.000176456,0.000529367,0.000176456,0.000529367,0.000176456,0.000529367,0.000176456
31,597.521,0,37.5845,0,0,0,0,0,0,23.2942,0,0.000522157,0.000174052,0.000522157,0.000174052,0.000522157,0.000174052,0.000522157,0.000174052
32,602.61,0,37.3693,0,0,0,0,0,0,23.2942,0,0.000513248,0.000171083,0.000513248,0.000171083,0.000513248,0.000171083,0.000513248,0.000171083
33,623.025,0,37.3957,0,0,0,0,0,0,23.2695,0,0.000502642,0.000167547,0.000502642,0.000167547,0.000502642,0.000167547,0.000502642,0.000167547
34,628.649,0,37.2276,0,0,0,0,0,0,23.2695,0,0.000490338,0.000163446,0.000490338,0.000163446,0.000490338,0.000163446,0.000490338,0.000163446
35,649.422,0,37.2286,0,0,0,0,0,0,23.2446,0,0.000476337,0.000158779,0.000476337,0.000158779,0.000476337,0.000158779,0.000476337,0.000158779
36,658.072,0,37.0148,0,0,0,0,0,0,23.2446,0,0.000460638,0.000153546,0.000460638,0.000153546,0.000460638,0.000153546,0.000460638,0.000153546
37,678.13,0,37.083,0,0,0,0,0,0,23.2205,0,0.000443242,0.000147747,0.000443242,0.000147747,0.000443242,0.000147747,0.000443242,0.000147747
38,683.156,0,36.8669,0,0,0,0,0,0,23.2205,0,0.000424147,0.000141382,0.000424147,0.000141382,0.000424147,0.000141382,0.000424147,0.000141382
39,704.015,0,36.9239,0,0,0,0,0,0,23.1977,0,0.000403355,0.000134452,0.000403355,0.000134452,0.000403355,0.000134452,0.000403355,0.000134452
40,709.464,0,36.757,0,0,0,0,0,0,23.1977,0,0.000380866,0.000126955,0.000380866,0.000126955,0.000380866,0.000126955,0.000380866,0.000126955
41,729.489,0,36.9424,0,0,0,0,0,0,23.1773,0,0.000356678,0.000118893,0.000356678,0.000118893,0.000356678,0.000118893,0.000356678,0.000118893
42,735.902,0,36.8354,0,0,0,0,0,0,23.1773,0,0.000330793,0.000110264,0.000330793,0.000110264,0.000330793,0.000110264,0.000330793,0.000110264
43,762.525,0,36.6941,0,0,0,0,0,0,23.1608,0,0.000303211,0.00010107,0.000303211,0.00010107,0.000303211,0.00010107,0.000303211,0.00010107
44,772.758,0,36.6303,0,0,0,0,0,0,23.1608,0,0.000273931,9.13102e-05,0.000273931,9.13102e-05,0.000273931,9.13102e-05,0.000273931,9.13102e-05
45,807.967,0,36.6865,0,0,0,0,0,0,23.1504,0,0.000242953,8.09843e-05,0.000242953,8.09843e-05,0.000242953,8.09843e-05,0.000242953,8.09843e-05
46,822.19,0,36.5648,0,0,0,0,0,0,23.1504,0,0.000210277,7.00924e-05,0.000210277,7.00924e-05,0.000210277,7.00924e-05,0.000210277,7.00924e-05
47,852.66,0,36.5546,0,0,0,0,0,0,23.1444,0,0.000175904,5.86347e-05,0.000175904,5.86347e-05,0.000175904,5.86347e-05,0.000175904,5.86347e-05
48,862.138,0,36.5898,0,0,0,0,0,0,23.1444,0,0.000139833,4.66111e-05,0.000139833,4.66111e-05,0.000139833,4.66111e-05,0.000139833,4.66111e-05
49,888.064,0,36.6335,0,0,0,0,0,0,23.1439,0,0.000102065,3.40216e-05,0.000102065,3.40216e-05,0.000102065,3.40216e-05,0.000102065,3.40216e-05
50,894.748,0,36.4198,0,0,0,0,0,0,23.1439,0,6.25988e-05,2.08663e-05,6.25988e-05,2.08663e-05,6.25988e-05,2.08663e-05,6.25988e-05,2.08663e-05
